item_id,image_url
6b1070504219,https://webcdn.asafe.com/media/uffsavyg/rack-end-guardrail-eflex-single.png?height=278&v=1d6f4c84a9d3f60&width=578
3a20b95e077a,https://webcdn.asafe.com/media/uffsavyg/rack-end-guardrail-eflex-single.png?height=278&v=1d6f4c84a9d3f60&width=578
4ef2119e74f8,https://webcdn.asafe.com/media/uffsavyg/rack-end-guardrail-eflex-single.png?height=278&v=1d6f4c84a9d3f60&width=578
9b1d6fb8540e,https://webcdn.asafe.com/media/uffsavyg/rack-end-guardrail-eflex-single.png?height=278&v=1d6f4c84a9d3f60&width=578
9546f9a75700,https://webcdn.asafe.com/media/uffsavyg/rack-end-guardrail-eflex-single.png?height=278&v=1d6f4c84a9d3f60&width=578
03ca3e067109,https://webcdn.asafe.com/media/uffsavyg/rack-end-guardrail-eflex-single.png?height=278&v=1d6f4c84a9d3f60&width=578
fa1c5e524e62,https://webcdn.asafe.com/media/uffsavyg/rack-end-guardrail-eflex-single.png?height=278&v=1d6f4c84a9d3f60&width=578
b55280b89008,https://webcdn.asafe.com/media/uffsavyg/rack-end-guardrail-eflex-single.png?height=278&v=1d6f4c84a9d3f60&width=578
5e925dc680eb,https://webcdn.asafe.com/media/uffsavyg/rack-end-guardrail-eflex-single.png?height=278&v=1d6f4c84a9d3f60&width=578
674f6181afdd,https://webcdn.asafe.com/media/uffsavyg/rack-end-guardrail-eflex-single.png?height=278&v=1d6f4c84a9d3f60&width=578
0c06c25718a2,https://webcdn.asafe.com/media/uffsavyg/rack-end-guardrail-eflex-single.png?height=278&v=1d6f4c84a9d3f60&width=578
311b9f2b7fab,https://webcdn.asafe.com/media/uffsavyg/rack-end-guardrail-eflex-single.png?height=278&v=1d6f4c84a9d3f60&width=578
77187ea8818f,https://webcdn.asafe.com/media/uffsavyg/rack-end-guardrail-eflex-single.png?height=278&v=1d6f4c84a9d3f60&width=578
12eec4008016,https://webcdn.asafe.com/media/uffsavyg/rack-end-guardrail-eflex-single.png?height=278&v=1d6f4c84a9d3f60&width=578
c0c2c364a629,https://webcdn.asafe.com/media/uffsavyg/rack-end-guardrail-eflex-single.png?height=278&v=1d6f4c84a9d3f60&width=578
394e9ac0df3a,https://webcdn.asafe.com/media/uffsavyg/rack-end-guardrail-eflex-single.png?height=278&v=1d6f4c84a9d3f60&width=578
12f6360ae21e,https://webcdn.asafe.com/media/uffsavyg/rack-end-guardrail-eflex-single.png?height=278&v=1d6f4c84a9d3f60&width=578
135c7b7e46a0,https://webcdn.asafe.com/media/uffsavyg/rack-end-guardrail-eflex-single.png?height=278&v=1d6f4c84a9d3f60&width=578
c70c84de6e05,https://webcdn.asafe.com/media/vbmdojqk/rack-end-guardrail-eflex-double.png?height=278&v=1d6f4c84a9d3f60&width=578
db276229b488,https://webcdn.asafe.com/media/vbmdojqk/rack-end-guardrail-eflex-double.png?height=278&v=1d6f4c84a9d3f60&width=578
4a39f2051586,https://webcdn.asafe.com/media/vbmdojqk/rack-end-guardrail-eflex-double.png?height=278&v=1d6f4c84a9d3f60&width=578
630258de98ee,https://webcdn.asafe.com/media/vbmdojqk/rack-end-guardrail-eflex-double.png?height=278&v=1d6f4c84a9d3f60&width=578
5c9a74a16137,https://webcdn.asafe.com/media/vbmdojqk/rack-end-guardrail-eflex-double.png?height=278&v=1d6f4c84a9d3f60&width=578
1d6215afd85e,https://webcdn.asafe.com/media/vbmdojqk/rack-end-guardrail-eflex-double.png?height=278&v=1d6f4c84a9d3f60&width=578
a0b5e665cb6f,https://webcdn.asafe.com/media/vbmdojqk/rack-end-guardrail-eflex-double.png?height=278&v=1d6f4c84a9d3f60&width=578
25225f392b2c,https://webcdn.asafe.com/media/vbmdojqk/rack-end-guardrail-eflex-double.png?height=278&v=1d6f4c84a9d3f60&width=578
e3235ca369b2,https://webcdn.asafe.com/media/vbmdojqk/rack-end-guardrail-eflex-double.png?height=278&v=1d6f4c84a9d3f60&width=578
51a9ebc1e054,https://webcdn.asafe.com/media/vbmdojqk/rack-end-guardrail-eflex-double.png?height=278&v=1d6f4c84a9d3f60&width=578
29344dad4a22,https://webcdn.asafe.com/media/vbmdojqk/rack-end-guardrail-eflex-double.png?height=278&v=1d6f4c84a9d3f60&width=578
91c5a8cc9050,https://webcdn.asafe.com/media/vbmdojqk/rack-end-guardrail-eflex-double.png?height=278&v=1d6f4c84a9d3f60&width=578
c9566c853ef7,https://webcdn.asafe.com/media/vbmdojqk/rack-end-guardrail-eflex-double.png?height=278&v=1d6f4c84a9d3f60&width=578
958bfbacbd8f,https://webcdn.asafe.com/media/vbmdojqk/rack-end-guardrail-eflex-double.png?height=278&v=1d6f4c84a9d3f60&width=578
0d519e2c261b,https://webcdn.asafe.com/media/vbmdojqk/rack-end-guardrail-eflex-double.png?height=278&v=1d6f4c84a9d3f60&width=578
baa56e30c21d,https://webcdn.asafe.com/media/vbmdojqk/rack-end-guardrail-eflex-double.png?height=278&v=1d6f4c84a9d3f60&width=578
3299bc80a08c,https://webcdn.asafe.com/media/vbmdojqk/rack-end-guardrail-eflex-double.png?height=278&v=1d6f4c84a9d3f60&width=578
b24d10ba6885,https://webcdn.asafe.com/media/vbmdojqk/rack-end-guardrail-eflex-double.png?height=278&v=1d6f4c84a9d3f60&width=578
fc853352f072,https://webcdn.asafe.com/media/1058/forkguard_kerb_barrier.png?height=278&v=1d6f4c84a9d3f60&width=578
6f6524a96cc7,https://webcdn.asafe.com/media/1058/forkguard_kerb_barrier.png?height=278&v=1d6f4c84a9d3f60&width=578
513b6b992e33,https://webcdn.asafe.com/media/1058/forkguard_kerb_barrier.png?height=278&v=1d6f4c84a9d3f60&width=578
4b5a07d97a1a,https://webcdn.asafe.com/media/1058/forkguard_kerb_barrier.png?height=278&v=1d6f4c84a9d3f60&width=578
94e4160b1032,https://webcdn.asafe.com/media/1058/forkguard_kerb_barrier.png?height=278&v=1d6f4c84a9d3f60&width=578
3f72f2544fba,https://webcdn.asafe.com/media/1058/forkguard_kerb_barrier.png?height=278&v=1d6f4c84a9d3f60&width=578
26b690409d01,https://webcdn.asafe.com/media/1058/forkguard_kerb_barrier.png?height=278&v=1d6f4c84a9d3f60&width=578
deef6de8ed07,https://webcdn.asafe.com/media/1058/forkguard_kerb_barrier.png?height=278&v=1d6f4c84a9d3f60&width=578
230e6ada42b0,https://webcdn.asafe.com/media/1058/forkguard_kerb_barrier.png?height=278&v=1d6f4c84a9d3f60&width=578
a6da092d6f55,https://webcdn.asafe.com/media/1058/forkguard_kerb_barrier.png?height=278&v=1d6f4c84a9d3f60&width=578
41e92e22fe38,https://webcdn.asafe.com/media/1058/forkguard_kerb_barrier.png?height=278&v=1d6f4c84a9d3f60&width=578
3dfb9f91145b,https://webcdn.asafe.com/media/1058/forkguard_kerb_barrier.png?height=278&v=1d6f4c84a9d3f60&width=578
22118f91f91e,https://webcdn.asafe.com/media/1058/forkguard_kerb_barrier.png?height=278&v=1d6f4c84a9d3f60&width=578
05c172fc1cd4,https://webcdn.asafe.com/media/1058/forkguard_kerb_barrier.png?height=278&v=1d6f4c84a9d3f60&width=578
c2ec2cef3f44,https://webcdn.asafe.com/media/1058/forkguard_kerb_barrier.png?height=278&v=1d6f4c84a9d3f60&width=578
53c352b67013,https://webcdn.asafe.com/media/1058/forkguard_kerb_barrier.png?height=278&v=1d6f4c84a9d3f60&width=578
daa74973b2f5,https://webcdn.asafe.com/media/1058/forkguard_kerb_barrier.png?height=278&v=1d6f4c84a9d3f60&width=578
53a1a9625116,https://webcdn.asafe.com/media/rovdmqfg/forkguard-kerb-barrier-hd.png?height=278&v=1d6f4c84a9d3f60&width=578
7703cb3316bd,https://webcdn.asafe.com/media/rovdmqfg/forkguard-kerb-barrier-hd.png?height=278&v=1d6f4c84a9d3f60&width=578
b3a0304fafec,https://webcdn.asafe.com/media/rovdmqfg/forkguard-kerb-barrier-hd.png?height=278&v=1d6f4c84a9d3f60&width=578
7ab67d34bca9,https://webcdn.asafe.com/media/rovdmqfg/forkguard-kerb-barrier-hd.png?height=278&v=1d6f4c84a9d3f60&width=578
cbaadb2baa7a,https://webcdn.asafe.com/media/rovdmqfg/forkguard-kerb-barrier-hd.png?height=278&v=1d6f4c84a9d3f60&width=578
9fad483dc783,https://webcdn.asafe.com/media/rovdmqfg/forkguard-kerb-barrier-hd.png?height=278&v=1d6f4c84a9d3f60&width=578
27972a2b2034,https://webcdn.asafe.com/media/rovdmqfg/forkguard-kerb-barrier-hd.png?height=278&v=1d6f4c84a9d3f60&width=578
76f5f193f964,https://webcdn.asafe.com/media/rovdmqfg/forkguard-kerb-barrier-hd.png?height=278&v=1d6f4c84a9d3f60&width=578
ca8f622fbb47,https://webcdn.asafe.com/media/rovdmqfg/forkguard-kerb-barrier-hd.png?height=278&v=1d6f4c84a9d3f60&width=578
7308f548811c,https://webcdn.asafe.com/media/4106/step_guard_1156x556.jpg?height=278&v=1d6f4c84a9d3f60&width=578
aabeee880ab1,https://webcdn.asafe.com/media/4106/step_guard_1156x556.jpg?height=278&v=1d6f4c84a9d3f60&width=578
ecdb1f1d9147,https://webcdn.asafe.com/media/4106/step_guard_1156x556.jpg?height=278&v=1d6f4c84a9d3f60&width=578
71f8658f8342,https://webcdn.asafe.com/media/6089/iflextrafficswinggate_hero_1156x556_02.jpg?height=278&v=1d6876cf48ce360&width=578
497a5702c094,https://webcdn.asafe.com/media/6089/iflextrafficswinggate_hero_1156x556_02.jpg?height=278&v=1d6876cf48ce360&width=578
a243d5a3a9df,https://webcdn.asafe.com/media/6089/iflextrafficswinggate_hero_1156x556_02.jpg?height=278&v=1d6876cf48ce360&width=578
64d3f83741d4,https://webcdn.asafe.com/media/hy4npla5/rackguard-in-situ.png?height=278&v=1d93c967a8d1e90&width=578
c7403c6db6f9,https://webcdn.asafe.com/media/6103/iflexbollard_situ_1156x556_04.jpg?height=278&v=1d6876cf48ce360&width=578
25f02eef95bd,https://webcdn.asafe.com/media/6103/iflexbollard_situ_1156x556_04.jpg?height=278&v=1d6876cf48ce360&width=578
51f3d5face66,https://webcdn.asafe.com/media/6103/iflexbollard_situ_1156x556_04.jpg?height=278&v=1d6876cf48ce360&width=578
2433976419c0,https://webcdn.asafe.com/media/6100/iflexheavydutybollard_situ_1156x556_04.jpg?height=278&v=1d6876cf48ce360&width=578
5ee679f7ae93,https://webcdn.asafe.com/media/6103/iflexbollard_situ_1156x556_04.jpg?height=278&v=1d6876cf48ce360&width=578
77b740991f8a,https://webcdn.asafe.com/media/6103/iflexbollard_situ_1156x556_04.jpg?height=278&v=1d6876cf48ce360&width=578
cda76fc0946e,https://webcdn.asafe.com/media/6100/iflexheavydutybollard_situ_1156x556_04.jpg?height=278&v=1d6876cf48ce360&width=578
7001735ea540,https://webcdn.asafe.com/media/4871/alarmbar_qtr.jpg?height=278&v=1d68757ad8fdf40&width=578
3b5319e7f33d,https://webcdn.asafe.com/media/9782/dockbuffer_insitu_01_1156x556.jpg?height=278&v=1d6f4c9cb7f4dd0&width=578
9b5ae30e0196,
eb84c62697a4,
f06fd8af3309,
92b63de75dba,https://webcdn.asafe.com/media/8507/corner_guard_1156x556_02.jpg?height=278&v=1d6876cf48ce360&width=578
5e78907b4867,https://webcdn.asafe.com/media/8507/corner_guard_1156x556_02.jpg?height=278&v=1d6876cf48ce360&width=578
6e5646b876c1,
68d3985b404c,
584626b45e29,https://webcdn.asafe.com/media/6022/flexishieldcolumnguard_hero_1156x556_02.jpg?height=278&v=1d6876cf48ce360&width=578
5d70d8f29324,https://webcdn.asafe.com/media/6022/flexishieldcolumnguard_hero_1156x556_02.jpg?height=278&v=1d6876cf48ce360&width=578
e47da9c88e7f,https://webcdn.asafe.com/media/6022/flexishieldcolumnguard_hero_1156x556_02.jpg?height=278&v=1d6876cf48ce360&width=578
b2d66dd55f5d,https://webcdn.asafe.com/media/6022/flexishieldcolumnguard_hero_1156x556_02.jpg?height=278&v=1d6876cf48ce360&width=578
68a9c396f507,https://webcdn.asafe.com/media/6022/flexishieldcolumnguard_hero_1156x556_02.jpg?height=278&v=1d6876cf48ce360&width=578
3a7938dc64b1,https://webcdn.asafe.com/media/6022/flexishieldcolumnguard_hero_1156x556_02.jpg?height=278&v=1d6876cf48ce360&width=578
b9688e3eff57,https://webcdn.asafe.com/media/6022/flexishieldcolumnguard_hero_1156x556_02.jpg?height=278&v=1d6876cf48ce360&width=578
6e6808046fca,https://webcdn.asafe.com/media/6022/flexishieldcolumnguard_hero_1156x556_02.jpg?height=278&v=1d6876cf48ce360&width=578
69618b93114c,https://webcdn.asafe.com/media/6022/flexishieldcolumnguard_hero_1156x556_02.jpg?height=278&v=1d6876cf48ce360&width=578
57d90d8b3e7c,https://webcdn.asafe.com/media/6022/flexishieldcolumnguard_hero_1156x556_02.jpg?height=278&v=1d6876cf48ce360&width=578
adbda0b8ca0b,https://webcdn.asafe.com/media/6022/flexishieldcolumnguard_hero_1156x556_02.jpg?height=278&v=1d6876cf48ce360&width=578
aa0b52630d87,https://webcdn.asafe.com/media/6022/flexishieldcolumnguard_hero_1156x556_02.jpg?height=278&v=1d6876cf48ce360&width=578
81e8db527625,https://webcdn.asafe.com/media/6089/iflextrafficswinggate_hero_1156x556_02.jpg?height=278&v=1d6876cf48ce360&width=578
9917354d2ef2,https://webcdn.asafe.com/media/6089/iflextrafficswinggate_hero_1156x556_02.jpg?height=278&v=1d6876cf48ce360&width=578
fcddcbe7b661,https://www.asafe.com/ar-ae/products/monoplex-bollard/#
35b4a7e99136,https://www.asafe.com/ar-ae/products/monoplex-bollard/#
